{"file_hashes":[{"block_hashes":["65gHbfWZWVRTmXk3X6krb02hdU9jOGTAm3IyD3pU9oM=","0FtsvQnZm/gNgtPdMtkyzWomymZmtXG1W1rbBXKKfJw=","theqDnQZE5VAgRneld+bIMLFsf0rytVxMi2skQI4lfw=","pSahjACdfja9h3U9RyYdHiZMbnas5/QimhFcIKgyVYk=","OtUzpdXZhhmF4G7+LAoHz2plOnjMyTpPttJXyFb1YFg="],"block_size":4096,"path":"AsyncFileIO.js"},{"block_hashes":["dqrhPlbu+XATat/jnDAZD4PllBZE8/RUnFgQo9e9I6Y="],"block_size":4096,"path":"badge.js"},{"block_hashes":["7/e9X/9UhfftYwqq7MvUBoxwrkPzdtwS2WJjLnN0SE4="],"block_size":4096,"path":"beforePlay.html"},{"block_hashes":["QrdyD2O1DgDTDe5yKQW43JOl1ec+Cn0MFoaWqV1pfWs="],"block_size":4096,"path":"beforePlay.js"},{"block_hashes":["FQ9KXL+mszljmTojnYBfbvvRVU6SWUbB9jn7tPQ8YG8="],"block_size":4096,"path":"bg.html"},{"block_hashes":["Nda1kBysxzjX6mVopqznGnM9hUSeEgGCcqvgiN7eIZE=","aXwHPR87/1GQ1DyK+2UezIPs8chSdQDHBRpsnWK2CvY=","9HMvrJgCND2tRExGj7Y/YRDEvcte3ESRORuH208A1Bo=","HNeFgR/mt3Da7qsvM94KsKlVGKuFxRYf7Exnwl1skdU=","7QOYMr3elKBaTCZsiM7cs4eMwC8Wx4GHtyiefFwG/7k=","WwvBMOthR5C51S8nEAXDlaVUI7J/WvBhTXToIBs1VUs=","oT+WMjkx7WMoE19do3HMuYjykTmSh+AEt/AkPKV4q6U=","rOzmsMLhWs4fvSBCM8Tk8Zkbx0iPBIavgcenixij+Ik="],"block_size":4096,"path":"bg.js"},{"block_hashes":["AZO1lqZ4+Xrovu149eSfDYuMV/kN8Vj+9UeH+xoJqo8="],"block_size":4096,"path":"browse.html"},{"block_hashes":["DqmCDEw5kwjXwPafobfjytB4kNDv6JhDBR0bF7DdsD4="],"block_size":4096,"path":"browse.js"},{"block_hashes":["6YdzqVqUhcxur5LfJ99+JmyG3VY6h9KKcoEpAEDoHeA=","N1a2MWZHV0ZBRDclgarCdwaoq+DuG+Xseb6+/R8IRAw="],"block_size":4096,"path":"communicator.js"},{"block_hashes":["amQXObv+wniD2SYGVXKyFHctjuiBxR6GEwXbSul5fjc=","tvkqWYehbV8qeCb+267Smq5ZLyA2esfv8RvUsbAnwDE="],"block_size":4096,"path":"content_scripts/bookmarks_handler.js"},{"block_hashes":["f2vnH2ooU5QqNAvFxTi7skH42u0DEvmkzW7uJJxe/rE="],"block_size":4096,"path":"content_scripts/connector.js"},{"block_hashes":["G+wEvMmcYxtVcsiBRWXSRXmAsB5U8SMMAtkuZnF8U1g=","iU/Op32I9KqkX0YiHISbLLSjR6qNILKxAfXj4oHC138=","V/aTfBBTMgs5Auw3vQpbHICuxwFKe+X3bQR7Qeph4KA=","d6UuE5NCIJ9OPv+LtyymDPygyv3VRYGmWOz6zNcsM58=","zVKz3IGw2L+Pn3avzXZp+pSn/1L+yw4A2ffTRN9MXjk=","PoP7bMS8t58rpMvddaHPbiT4BeGs+DTfKzIz5OVBv1g=","5M8rrXJ/suu4WOQZJ6Fou+Xbkyh/iBa58f3ZTVD3aqQ=","f2OEhwF/ZcSQIhzz6bsfAp95Ity72MACwf2h8rYo1DA=","4QL1NbA5y7rVJOu90wrlO7BrKSL3C7cJs6pUzyGQysg=","NVuE+TIKI48z35jqSE/xvLBPHK+pFKmHxqVVhN9q++I="],"block_size":4096,"path":"content_scripts/player.js"},{"block_hashes":["Xlzja+kOdCnIJWHs/ifQkwaabeNqIqkxTqbq7m0QC38=","LjqP2c9pUVS1qLoYFVW3jX6yZuKX6SVDMOIDNjHl6u0=","WZTIZ0LUNC/OyBCuqv4+b8RkyaI79RhLPEMUDBkewhw=","u2O4eBFoZqOTIDKV9JcPE/wvfDTgT9BG4e2GCaKdNlQ=","WdLbwxmVTSndt+yUOiRHJ40eA17X62fYZBnijjjTrh4=","Eu+9SH+zW+Wa3aq2xXokfFR2XwteEAZc1XphL8SbVRk=","ZS/+uw+mBxnNcMFtPIuFgmi3mUc0HNKP5NYto0Dk1ck=","huP7f9aMlnYidxZzqVxjKh7vgRaZT0hcG5onXdTMSL8=","vt2aa73uAR/bMV8lz7D4RgIRIPE8Knw/babzgo0ZSHU=","uX8GXGXqx9g/TSLWirdFlFHXT+So99tSiWfm06Gr23Q="],"block_size":4096,"path":"content_scripts/recorder.js"},{"block_hashes":["InS+5h6AvjLaPLKR8yyvKOQZnok7bMj8wfMIyceh+c0="],"block_size":4096,"path":"content_scripts/si_listener.js"},{"block_hashes":["yNvZ68jT1vKh6HKKMy4rZuYAFlZip/0dgh/G+132HFQ=","E8VagTslU9bKM6/4n3N2jK7lRTRpb4MZM7/WnXVo9cM="],"block_size":4096,"path":"context.js"},{"block_hashes":["6+Gp6z276KitCzi7jgbzwVWj0NiwpdZ8piWP4Gl47u0=","p2nGe7Pu1zpKtu5ObVZnqJpcJ9z2qQSxle1no2cvwPk=","rLTtxG8p2WnwS+q/Ms7E4XLxoTj95QurAvM/+JVxsrQ=","w4UXDrGdkWdYtv/G4EGNwWc4IQp/XmNgxILKRy/1u84=","TPlmuOA/voQMMq5h/ZptOdEpVrSnUGmxz3e8+TIO3kI="],"block_size":4096,"path":"editor/editarea/edit_area/autocompletion.js"},{"block_hashes":["aACFW4cv2qXxVXoPgPXvX0IEZe2EbElQXQg3r3tJOUc=","kGQnycSQIV6/tKQ//BC5Kx1D6vBe4RdNR5fUq6Qv87g=","t0i4N7Il4kilchnhlt4OaNBcI9A8nAUpJCGriS6Oo9U="],"block_size":4096,"path":"editor/editarea/edit_area/edit_area.css"},{"block_hashes":["AghWVjQjaU21DX5q+MwA1zNwJPQPFnNV6+4SbtKoP/A=","kfwOB79VCKTgwuqpPrDBa/76+JCAN6UMs0zTURkYNn8=","VNBdhCmlMOFQTniHFJSswyB0YBcEihjwWhcL1z2AG8s=","uBxNC85bTv7l5VBtpFBkLc5xusdr3sgJjbIYkMsUgek=","xXVrMisCs7yt1cHLH1/7+Mxh+1CcZN4pnZ5iI6C4fUw="],"block_size":4096,"path":"editor/editarea/edit_area/edit_area.js"},{"block_hashes":["cvLozCqa+zSTHnzyebce7uatqOefMJhsv/a33swU26U=","zNFz2gGTwXsVv83A9usJsqwU6W+p7jVnVIIeX5FlRk0=","Y105KjCFRxSudGBEC3Q0kYvulYptAn09A3lAYZy1/i0=","Irg9mhBu2rw/tCa4ml3Jc6gj43mPgcL99ZTqFZk87QA=","nf3TDWDOOiYSnlTjjNpZLYEZqB1WFUSqXNR+kOxHMgs=","GSZp4mBoIUq0TQaen2Ldjwa95RgXm/UkA/yQbZim5W0=","31FhWSHBFxzNOOQWYa5TbuGkJ+B/dm6gKQqQzRG7GZg=","fdV+gg+MjZ0aqSD85lUaY+Uz5XYCdCGcQ3M7qy1aew4=","GMAPk3EWj9oQivWqvDiReDybVC27FpwCo2jRvXs9tQA=","ThGLVv2x7NEpMQ4LjAPWsnatpPzYm6M/CKX5lcnZ70w="],"block_size":4096,"path":"editor/editarea/edit_area/edit_area_functions.js"},{"block_hashes":["XAUkw9osmaSzZq9mV8Z9vgBxUzJRhRXJuknviNB1Yb8=","fHWkj9AphSAWzqJOCU5SHjTqtcjmLv0T0Hv6qQIbO0Y=","9YO7QrdBi9ucAou6Dj2HTg/3P2cHMhAJPw5MNqsK+M8=","PBAuAGQlijcXlKdhHeqbyYRZtMQPZdSdloBtp2JdMhM=","EXT1pkE+YrV+WhwofEnUlYc0Tg1hs+aCw6LHIhDKir4=","79Al7cmsVWILbe/1US1O/7zPkC8B5SHCKZIJfeMyUgU=","ilt+5RNCNcQJY79ub3ZcCgYTBhm1DnY8eCUgydVI3rE=","5OvQbx+5+BfMOeh+EXib5r6J9gMhutpcRNv14Npp5Vw=","4Cs5RamzGp64tV6os/+LyICZob3ZiAy7LpoQavwECd0=","xkQS8SyMH/rhJM04+847bHYxb19Nzj2eyTeDjNLl95w="],"block_size":4096,"path":"editor/editarea/edit_area/edit_area_loader.js"},{"block_hashes":["gWAjyoA/kRBVSoJ6pTZtlrabdzM+qnrQJgWffUlW+Fc=","KeQNvouEqM8Nj9Hv7mcoLNnLrwqj8aXurK4WuzT08/o=","XQE+N6kq67w0C5se1ztsejwEFTFUuvYqprIjihfrIic="],"block_size":4096,"path":"editor/editarea/edit_area/elements_functions.js"},{"block_hashes":["b5frWVX5ZWQN0pTzEgfx4r94GBVGyYWtYDv/q8HY6jg=","hEgVgR12fHLfSuij0XUX1XGI7MC0e15hmhgLxT1guKY=","1bXhis4pJGZoViOHFZVrG3pw8NbWybjHJSJfr+KoF20=","guNDmfsTf1dPaapa2TdrUA154aj4HPQ4DU8KhX8AqFI="],"block_size":4096,"path":"editor/editarea/edit_area/highlight.js"},{"block_hashes":["rcJ0s9DccXFGEPBsmEXlEg6iXQBrCJypJg40NbYXrzk="],"block_size":4096,"path":"editor/editarea/edit_area/images/autocompletion.gif"},{"block_hashes":["Atr26kwJZ0Hog/2R6Rbk8uHlhKo0opCDsDGNttbLqPg="],"block_size":4096,"path":"editor/editarea/edit_area/images/close.gif"},{"block_hashes":["YvXY3QXCxmXb0X/pNdF0Qv+ub3opi9HrNM3yTf/fXo4="],"block_size":4096,"path":"editor/editarea/edit_area/images/fullscreen.gif"},{"block_hashes":["rD+c8zNPtRD1pPuXr88hs4uR0rif7xABNXO2kZdVvOI="],"block_size":4096,"path":"editor/editarea/edit_area/images/go_to_line.gif"},{"block_hashes":["oltMxRBNEt1uZ8k6uW9fHt/woLPGyKpF7VJu0M5uApM="],"block_size":4096,"path":"editor/editarea/edit_area/images/help.gif"},{"block_hashes":["VeaVe64TlhKIizIbzk4WwHeZSkXjeHA9vqWQ93/wsDE="],"block_size":4096,"path":"editor/editarea/edit_area/images/highlight.gif"},{"block_hashes":["mjKSATnpif2K/EuF/DeHPZpbprNpW+FHTFiAFyBHKtU="],"block_size":4096,"path":"editor/editarea/edit_area/images/load.gif"},{"block_hashes":["sHXIOzPYKmzIwd4t9Nj5GxscrRrkWPaizb+3tRPCOqA="],"block_size":4096,"path":"editor/editarea/edit_area/images/move.gif"},{"block_hashes":["k+ShQ1Zin1zcr2PWbnaK4YZDWtdUAjeACF+37I747uQ="],"block_size":4096,"path":"editor/editarea/edit_area/images/newdocument.gif"},{"block_hashes":["41eHx2dUh19kq4NRtrpnSOzumy6gh7vZ5BK6XSTYjYM="],"block_size":4096,"path":"editor/editarea/edit_area/images/opacity.png"},{"block_hashes":["BnWC2nUdJLn/GtJi33xl9YVOOBNXFs6vWTWp82CV3wM="],"block_size":4096,"path":"editor/editarea/edit_area/images/processing.gif"},{"block_hashes":["sz/0rfkH/Y+iUy1dEZxtuf+2og3/ZNc5QwomnBYJkwI="],"block_size":4096,"path":"editor/editarea/edit_area/images/redo.gif"},{"block_hashes":["xGHgeK4YCTce1MvU8YWiCNoo9Jkb2hO943woDzMVAPs="],"block_size":4096,"path":"editor/editarea/edit_area/images/reset_highlight.gif"},{"block_hashes":["biPHnFn3OVjo0TYfT8jAk4BH29ONkujWa8G4AyrZq7U="],"block_size":4096,"path":"editor/editarea/edit_area/images/save.gif"},{"block_hashes":["SDDf4byyid0u4o1aLsaEddSPb+DTkDL0hRHmU9S7/X8="],"block_size":4096,"path":"editor/editarea/edit_area/images/search.gif"},{"block_hashes":["8nN3IRR5nyVyoxga+8yg3/qoisIBY2kfY+XxgNRO2VA="],"block_size":4096,"path":"editor/editarea/edit_area/images/smooth_selection.gif"},{"block_hashes":["nPAg18O7p/WrEM2lSqvvk0+QbU+aOs+Z6efcbJhXljU="],"block_size":4096,"path":"editor/editarea/edit_area/images/spacer.gif"},{"block_hashes":["Y4qbVo/SPDwjtZrHEqPGcIRGZXqkufNmoNUpIDYQHzs="],"block_size":4096,"path":"editor/editarea/edit_area/images/statusbar_resize.gif"},{"block_hashes":["38WFaYcyHZezfuo8tAFnuwdx1LRUz5f25u5+giUTPos="],"block_size":4096,"path":"editor/editarea/edit_area/images/undo.gif"},{"block_hashes":["KDVJDDIkCT8zP1r3zLDQnTNm+lVVpBeffN7Mn55YWT8="],"block_size":4096,"path":"editor/editarea/edit_area/images/word_wrap.gif"},{"block_hashes":["WNyI8I70zSZB3nVRsIyUNwcAei4r2sygXEJyjaZIQ9I=","qND7+YN/6nUiykLgeM4voKF8iftcyfkGegrIPJp5uoc="],"block_size":4096,"path":"editor/editarea/edit_area/keyboard.js"},{"block_hashes":["iY1p19PqjoeyHOJAajaZU8dXx5YJp3RWlQ1dzxI/N0U="],"block_size":4096,"path":"editor/editarea/edit_area/langs/bg.js"},{"block_hashes":["z6t4+r0n9VorSmxpBQHcZJu/+KqZWIckzAXgtRK9Xj0="],"block_size":4096,"path":"editor/editarea/edit_area/langs/cs.js"},{"block_hashes":["Wr6fImB00QLnd9HETyig4zSl57LF/vQfySDg7xl0coE="],"block_size":4096,"path":"editor/editarea/edit_area/langs/de.js"},{"block_hashes":["taxPMud0Q2h4rjghaHYN7Ds2XMdGGW+hscEpJ+1djGU="],"block_size":4096,"path":"editor/editarea/edit_area/langs/dk.js"},{"block_hashes":["wW9gi57XkcsIqOC9VjppQUTuHNN12gDvSow6HNSvQbY="],"block_size":4096,"path":"editor/editarea/edit_area/langs/en.js"},{"block_hashes":["MWelk1o877xNBQ5PPySq+aE9ZZIKYON+7Ozi//duW0I="],"block_size":4096,"path":"editor/editarea/edit_area/langs/eo.js"},{"block_hashes":["RAHgad0OwIrZxntFyCjXJdHruIyYAhJdEcWZ0Ndta2M="],"block_size":4096,"path":"editor/editarea/edit_area/langs/es.js"},{"block_hashes":["tx6ovq2d31MZIw6ZSMOXPj3DeAljktA7VG1r2abN7MA="],"block_size":4096,"path":"editor/editarea/edit_area/langs/fi.js"},{"block_hashes":["dAtgwQWrxH2/zkzx411YgQrr8qV1hzBNvb84MlSBi/Y="],"block_size":4096,"path":"editor/editarea/edit_area/langs/fr.js"},{"block_hashes":["XTT0b9I6OEH5zJL4q8Mw2dGGah+/8BDbDnog6Ja++1s="],"block_size":4096,"path":"editor/editarea/edit_area/langs/hr.js"},{"block_hashes":["qSed/aeu11BRJGIWs4+5KApLptQ9BXRi51+c3ypG8oo="],"block_size":4096,"path":"editor/editarea/edit_area/langs/it.js"},{"block_hashes":["HzL8Aav82wyqiPsKx9nMDw1DcX4z1I9xShJ74w0mxIo="],"block_size":4096,"path":"editor/editarea/edit_area/langs/ja.js"},{"block_hashes":["vK3zf8GWzqa1Kii1f61Sb9Uv7BJ5P0yKhHAPDg33In0="],"block_size":4096,"path":"editor/editarea/edit_area/langs/mk.js"},{"block_hashes":["vA0BG0l4apk6APOX1VJ/4MGTwot+oXzfllxeEeT9rGk="],"block_size":4096,"path":"editor/editarea/edit_area/langs/nl.js"},{"block_hashes":["IUqmXs3Z+kELAJp4vuLe4x1KPy+PcsYVwkQ7yuf4Kx8="],"block_size":4096,"path":"editor/editarea/edit_area/langs/pl.js"},{"block_hashes":["4Au7PXZEemXVdLek+GjnzMPsh2tKfQ+Z4TZpPpcjVxs="],"block_size":4096,"path":"editor/editarea/edit_area/langs/pt.js"},{"block_hashes":["3Yfm2lfylRPon6I3b7BCMxlCXBwTFNmeNRzB3XsuhC0="],"block_size":4096,"path":"editor/editarea/edit_area/langs/ru.js"},{"block_hashes":["cp44sMXon+KxaUqu79SG0EWoWpaqGNspyUEmCBfQZKg="],"block_size":4096,"path":"editor/editarea/edit_area/langs/sk.js"},{"block_hashes":["uSr+XdzV1CqVyAewjcyhmZCliAYrOALUcqPstWSzctg="],"block_size":4096,"path":"editor/editarea/edit_area/langs/zh.js"},{"block_hashes":["ore42b6JKWgas4s4ml7hWipCO7eDT4hPpST8NcVdz5k=","gM/gQSCoCxsvGhbALu0PCfHstMepMJqtHXG7lfdC1e4=","npVu1NMJojJTfmBbwqostf0wbs9IBEh1h/BwFI+eM0M=","f2Xdc/JC+AHn3Xl8wScxHAlOOlXna01vLG2BbL8Hucg=","iYLapxx1hMMLdhpPK99H6N7MdbMFcoUkRxE1aPasjzo=","e9uQxfZXh/Q/8IZV3py4SHob9GtAWhnfHWHTVjyBbqQ="],"block_size":4096,"path":"editor/editarea/edit_area/manage_area.js"},{"block_hashes":["0mMYN3KUYXtYjqk3UZiyI6g9HgzFIR2yzTL1KhETzV0=","+QqlbCtIFTVFCzQHXDz94eb2ift/GYg/5PA8khmjOQI="],"block_size":4096,"path":"editor/editarea/edit_area/reg_syntax.js"},{"block_hashes":["Aad75x0SC2X+lRVMGDtHqkrlFjrhHE+ufzvqW076A/I="],"block_size":4096,"path":"editor/editarea/edit_area/reg_syntax/imacro.js"},{"block_hashes":["xlMVzkTpd03m5H/hsyZptppNbX4oIX7qDfZEwHTBOoU=","ity8xfz6r4uqwnlb5N7LzGFEvNahl1ZKpYHNG7lYENw="],"block_size":4096,"path":"editor/editarea/edit_area/reg_syntax/js.js"},{"block_hashes":["rtP8qZx5lcuZUOD60WOylDnzObhZZGAjYVbXFNLG9fM="],"block_size":4096,"path":"editor/editarea/edit_area/regexp.js"},{"block_hashes":["Ti9s04A0GzcshFyd5pdLrjHscffJF29Q4Z6QYtNlc0g="],"block_size":4096,"path":"editor/editarea/edit_area/resize_area.js"},{"block_hashes":["R9xPwxnnf35syzPZZm62VDl/+lrfqM60ccbzPgO8yfI=","x7QrRcIvj0INVoGaAMIfFg8J0B87YKK/42BUJ3RTV34="],"block_size":4096,"path":"editor/editarea/edit_area/search_replace.js"},{"block_hashes":["PXconh1K0yE87LPt02VTExxH5U+158m+Nz8XEL1MJL0=","DG447gOmpbLpIvULdmkAZfOW0NuXJbBT2/yTHn/Bg3o="],"block_size":4096,"path":"editor/editarea/edit_area/template.html"},{"block_hashes":["btPziiv7k+zEer//wl2lfH2jnJEtYm+2E1uJV9+gEjU="],"block_size":4096,"path":"editor/editarea/imacro.css"},{"block_hashes":["2IYZjLOe6rf8XUhh7IZ39wzk7/NRDr5Y1YuxUB7QZi8="],"block_size":4096,"path":"editor/editarea/imacro.html"},{"block_hashes":["d+Acg8pgnLXIt4+cdjSLe4OB0WOfggeyGwDkh7hQAAA="],"block_size":4096,"path":"editor/editarea/imacro.js"},{"block_hashes":["PQ+Eie/BIH65y5ffmSFC3m/Xd5oa7mfV2Kmeqs/cygo="],"block_size":4096,"path":"editor/editarea/license_apache.txt"},{"block_hashes":["HYcTRdFQOGCnbcp1p6ycHXVaa4pubcyaTSUhfXJkHr4="],"block_size":4096,"path":"editor/editarea/license_bsd.txt"},{"block_hashes":["a6uztsVgb+kyKhtuxgbeVqHY8nbzMbzfVav/+mv71qw=","AKM7faszuuB7P3SMQ0oEer1qPV/Lopa4ZH9XMd/hQ9U=","fwG4SpHU/5Hy5LRjftrdwNZ+zVknvG7mNYRL/lxD3dI=","JN17i2xRozzapZ68H7VX9986gwTqr6W3eSh/5Sh0rq0=","0d0YxagEIpqtHn4C9Co0D6aCVRVADlIAjFT5ehVJw6Q=","OcKzzeBesmFe2ONYXAy41/bVy5haXnSzBhRmt4O26tI=","TuFp4wwV0fWkm3NYfixvObu3oca+j8iVQ2dG6HQ3OMw="],"block_size":4096,"path":"editor/editarea/license_lgpl.txt"},{"block_hashes":["VKtSXIdTVJOsFxfvi2M+6qMFMJrp3SvUFtiu8Dcz2nQ="],"block_size":4096,"path":"editor/editor.html"},{"block_hashes":["t1UmLFW/roxEi6C6lx5pWPCLdbwZiu6VBlfkl4o2DM0=","cEcxQQ2s7uV6OhDzlLQ8vyzY9wLU54czY8CBfhZ3zWM="],"block_size":4096,"path":"editor/editor.js"},{"block_hashes":["Xk6/gpp4A1ivvmiC879mBFENKlYe1Fps3VehkLS/S7w="],"block_size":4096,"path":"editor/saveAsDialog.html"},{"block_hashes":["3xjgxNgWJrWpRLjSFvRbItN8eurQAyYzB8iCtdJq+UI="],"block_size":4096,"path":"editor/saveAsDialog.js"},{"block_hashes":["1Bxv5NwWuAIDiFSKbzu/OAQhlaxZuLoSacUnV5KxYXU=","MjmFevYYQvk76Pmo+ZH93e6IfcxjoZadrTe5mbcpdfc=","51bAArP9HcCvV81HkwEEJMms34mNxV1QEVPCaG56RrE=","JHnyi1RQ7g2PsE1QxKi8Zan/OzJ7hlv1FlOKMLuJ3Nk=","mnR3xvGDaVfLSINufcb3rYugWgErB9CsxV/RrxC9NxQ="],"block_size":4096,"path":"EULA.txt"},{"block_hashes":["YW75K0/IT3MlRkkeKxey/rAjxv2XpNcEg1+YnedZyuc="],"block_size":4096,"path":"extractDialog.html"},{"block_hashes":["00K3a1Ztdx0nYSTyC69sCEXtJYNyRWhdTvXF4pzKC+I="],"block_size":4096,"path":"extractDialog.js"},{"block_hashes":["e3aqf6rmb14SA3Cc4ZkvmnlXCt1b184S2+Qp+g12BRA="],"block_size":4096,"path":"fileView.html"},{"block_hashes":["toisExKvR+ZgMrPZ2qD/nYv9ve9C1OmAf3aDjPY4kS0=","EUBffH2GZ5lKq+/hhuGp9hqzhr9LAY5Z8ab1Q4kEGfU=","1u/Ub68XYDVBKlRKu2hj7AJrff+7De7riqPIZvGJrLo=","xoLBov+gEN2S4JF31utCUP1C/Whm5DtohB6Us3EdGBs="],"block_size":4096,"path":"fileView.js"},{"block_hashes":["KHYSimZ5aG77a5O6RoDI+KLsQD2cMeOhkXGopOaB8uA="],"block_size":4096,"path":"folderView.html"},{"block_hashes":["laqMmX3zL+LZNCorCqE61anLI9VbnRG/C7WOURIbJUo=","sc+w9zCDkGB2/Tcx+jAxtdXU4cQMX4injbgChW8UHdI="],"block_size":4096,"path":"folderView.js"},{"block_hashes":["McZcTl07YWDD+kTQgqN3Du7k81hNyM+RDXJZqx9U11s="],"block_size":4096,"path":"loginDialog.html"},{"block_hashes":["jLby2KxdGMfx6ghedk8DyUO6LIFCuLRYyiMlXKh3njY="],"block_size":4096,"path":"loginDialog.js"},{"block_hashes":["Q9I1ecsmVGwEFqlWwEKTi0NwMp/x6yNuupRjGa33q94="],"block_size":4096,"path":"macroView.html"},{"block_hashes":["L6ZRVRIgyfGRToQerYiqO4DoTcVK3/7wa9EcMuWeDCI="],"block_size":4096,"path":"macroView.js"},{"block_hashes":["/I8TN926rOEuUUU2Sv9e5eLsHLlWRSUgn+d6wPmm/40=","LHQAgfUhRpAik8/imUKq2fPFTTnc1GuJdT+6C+PwB+o=","OIqv4ecZ7UqPFIDEZXGGBOc1eNbjBM211T3n78m7rfI=","AXlxSxaVUzYSAePh22Of+Pn/1wHweRAvLoJGhxeFNb4=","8iKw4jRPvZgfy2UDPZgvke33f0oCyILyT135yffV8mQ=","DdG2Gqtf/GFb5gVCmmA/erRr8+v0fcCAPljmMOb+AqY=","uxU+Sfn9LYBG28RBPvdRXNUet9o9QfK+QKrF5IMzriU=","vENWlRQbFCfs0fhfgsCg5g39e2U0x3+Zdb8RdC5Ky2o=","NTLUIDyZbEChKFLudMdfGoDiYroCNaR97QrhyazG7Eo=","BZwK8rO4fx1e/EyyZJF5cqQ+Mutkcbzr8cGPDKobLqA=","2B36qdZkYqYpXgG0F0bOd3r0vGZPu8w+yXvaHTqdBPo=","Pjise0e1DoyYtbtFQF04KrT8JW4hfcP0oh8yA887uXo=","VeICUoetASEbPi08TaSBCGfBfdMnWJyaAF9IIEcIEQM=","Kxj36XeEXDgxWQ9ZoqGgPJ586RbVrsWc8gyioNW12x8=","C98djwMakcByXv/H7dVGbuJu91sR5kbnNodCo8LqE3U=","bV7vYuBi2juA2oNYJiqqofH8aZ+4ErNEzEvDw04GdXY=","SYfBr4CztUmseqbOdvYdEVcuj+EcXRXgjC39Rcb01xQ=","iPxW2nsZUY5tkdDs2ostl5Qw0u05U4AN8+c7uW86rVo=","YFh22f7qafyFH7aR3njZTcdJG9mDlh7P5GmkVjB3w94=","rToie9NSuuCSmsRHo2Ooc4n4aZEm894+4rdampn4ELQ=","lzfHrGGb2v1iHhQv+8oidhJ3EkMWCsSI1LJ2kc/PbiY=","+Ytl7h81YIr9D8pPKo8dXB8rtMPC9Eiij/v5kJTVe7g=","UqWXA2asFdL5t37xXDwfDGxuiuHTNKP0DpvDOsUgv1A=","2NmFmlYFAdLGzRETcY126WZFto95rLK0145CpcCllps=","qfFW//kfSd4qrfiOmthO74M6SigrvaJTRNTt4KAbmzE=","t+qM7PI7yFK6a8bt6a8FvZ1nOK2ZxXhg40eMlJM/BuU=","n9O8rmLBKJl3dJxDMfCui4/k0oBcHkx6okYsn31og0k=","yjoYrBMM8vcM7hEFCmeVi4Ac5kHLuZBiCAetihW+rl0=","cvPRlTcvvkDygyoILX1mUEPe5a0EbQ6akjWX577r59Q=","7hBpjhHc6JcTMBQZgptXxjkiv7HDn/tPQFDRbqrDSTM=","BzPZGv9kdvXUAm7qJJRcfiLMSnAjdw+JIU07FiFuPho=","WLcHyrjv4fv9FqCl7GkuFnj0JYz/ZG+HSGUXo5Cv7js=","d68cZYwIP2aouvmjyEykZ3+RheJB0jOVHjSO341adGs=","0k/ruVKDpJ5V0wMGpheKD9Hsseace9g0SCq/otox9tg=","XIJGt3iETGxDThISioBtvGW9e0UYXD9tMEg1UkDBma8=","i4k92u8bIcpFGMUmJHb/XCWw1iDvS4JUbw/3BGQpdr8=","pDdY9KDAnTG283JdnEmNDKiPJ9j8i6QAjDtCEtWQeUk="],"block_size":4096,"path":"mplayer.js"},{"block_hashes":["vTD9sDBIwGoNok/wOjp40xosdVhIwRpKEJYey9RuXgk=","qxaW9UupDzJwQH+3Qx/6i2ME9gYeXkz4mR+Gmrsu7dg=","dUPBEyEVXoqe4mPrWYwnJ+1HuiNdKD8VC6hsEHwzFbE=","U17WXYBqMDTu2mJD452C1WwF/SUN2I3v0q0GyTJ8BKE=","whdXYUwq05rtLz7JzfXoDx67yEM+q6/oukivScrPBRI=","RdIGJCnedZLRx+k/yPfdA5ImcrQBUQj5MCvVxaJpn8E=","ZSAruzcLiLLHsL5nmvAMhjhz9j6wgRRnj3wQOtclPos=","7BFdclcPJ7n0sFUtJWaCyirIBVG3FkEYgN9B97sPHJU=","3PS4GrdROOuJdIzyDcsxvH9uWMjKE8mq48YzJiYaukw="],"block_size":4096,"path":"mrecorder.js"},{"block_hashes":["J6c8itCW0kYVBJXK1gtEiBpSm31cugcmo7EUGO6+U7g=","zpQYFd+2DKsgZSwTDl18Hv9SwzbBf6vByzaYD0XH6Y4=","CJ1KQKDqb2KYT8yEWQrNMSM6zZt750wF5EKEiF1FJEc="],"block_size":4096,"path":"nm_connector.js"},{"block_hashes":["CPd5nJduQrr0evzYTib104m2n36Cuu5NsN3bFA6m4j8=","2rQqbBH0Hqd73A0/EUTCS77qnTW8etOqH0UFYRTky/4="],"block_size":4096,"path":"options.html"},{"block_hashes":["N8HMViBEIDdoxTu/Retyr60XQ7fjv4rQOZRr9eSkOvo=","099FDJ+3kjHDTyr2hPhRKUKSne6zxarOddGQZnlqobQ=","JXAF0Vk4ZjOhbkfSkltuiZlQD5DYaBZPQvUzHoikQZA="],"block_size":4096,"path":"options.js"},{"block_hashes":["yjDVott5jysv5VdlXZ5fuomgMGNT+YKIPP95AUhkppE=","eAkX7JOjZdEjwnDCzs9k0l4EULC6q+eOk30QLfth4uM="],"block_size":4096,"path":"panel.html"},{"block_hashes":["7sGfpSPAqodekp1SKr4HQKQ3PZCMrihOlrOplI7VB/Y=","8F6Fbk7JxwaUeU8/pCEo0jepQ3C7DgukWYI1vbcdOCg=","md+rbNwxRtfbOG0WGsUiqWPsXM21q8/pqEIC0tfh9Mc=","odsKLgAdsz5Z5P9MQ9583MVK3L59DdDTPSor0+9vsgE=","5FfbAVloi3VNBjs1kebhEs4lyqJfl2B+8Bo5A6fBaxw="],"block_size":4096,"path":"panel.js"},{"block_hashes":["g9E21IT/E93TCNHKrTc6iHjf3FDJEl+4bNnIkUaGQ+A="],"block_size":4096,"path":"passwordDialog.html"},{"block_hashes":["i7u9pU81yKp1kifZSHganZuHdrB6NNUOp4MhQRay+ZM="],"block_size":4096,"path":"passwordDialog.js"},{"block_hashes":["KRKkpeqqTWlgZaCuniznp+weiXfSgnx0Di6ptSEopng="],"block_size":4096,"path":"promptDialog.html"},{"block_hashes":["mPl1DsUaWlgBNwFoo5o4wlIAuoNlcWlWxX5ySZcALV0="],"block_size":4096,"path":"promptDialog.js"},{"block_hashes":["hDQVb3z3v1mEnQkDfQ+A0M8oz0RYDJb9nb3bKvleJN4=","QwT5Fda4ewtRNiOzDB2z++TklX/rv0jYdJ2KO8CVd78=","/c4N7hnk6krrl6q1x46LI4ZNB0d+1GyYKUvFBA/bexc=","QeJd4KqQfhqBWZdaYdnotHJg0BBa+YKILuOp9RwRFYA=","82zVdgtFGbF1vl1fwgUs18lMmxUm30mmevP8vCnyYEs=","csokpL20YnUyKaWPLRcn/OdgFJV4FLy7vuWI8+homrs=","DHQ6WBzXj/JOZ9lLpa59pKKg46ihAV8SuxE0qLJKTLs=","Z9b7a5U4vF9dHs7/bVI/WMkNQ6beEvT+P1aRLNAwl1g=","jmOvuPOnDEjYdtFs6GzMEjvDfxMAJSM8vS0IQkEPtCM="],"block_size":4096,"path":"rijndael.js"},{"block_hashes":["m3byzzpp7WvVArbTLZzARoJGzjkP0KOjyQ+j/kiScyw="],"block_size":4096,"path":"samples/Address.csv"},{"block_hashes":["92HYuR9R6Tom9Q4cuxuK8uLkURs3HfKzUWis5iRDtPs="],"block_size":4096,"path":"samples/ArchivePage.iim"},{"block_hashes":["pDdsdbty9gJJW5hAtLBX1wt0+PaYHs7yePPMQenM4TI="],"block_size":4096,"path":"samples/Eval.iim"},{"block_hashes":["B6KE0zCK5dCG2K0o0SNnap6Xfb9n6VHGbuHo2mWV3xs="],"block_size":4096,"path":"samples/Extract.iim"},{"block_hashes":["FQgTdkFvC0bixiyGmG0NB9oUEhdgBvojiuJPuQtpolM="],"block_size":4096,"path":"samples/ExtractAndFill.iim"},{"block_hashes":["eBKQcJVSCw8S+ENS2UeqQRl9K3jamzAcztF87bjXUW8="],"block_size":4096,"path":"samples/ExtractRelative.iim"},{"block_hashes":["ve3d+JsCzVL8iYZZ2Fu8N1/rSzBPUpTNBbQ/+XspqWs="],"block_size":4096,"path":"samples/ExtractTable.iim"},{"block_hashes":["X6oq6m6H8U2GIAWXvHabElZ8H79jLph+Bu3hfcu+t+k="],"block_size":4096,"path":"samples/ExtractURL.iim"},{"block_hashes":["auscOUSeVESujnv6cQrJhDOXr6wXFQ775BflbdS6ZOo="],"block_size":4096,"path":"samples/FillForm-CssSelectors.iim"},{"block_hashes":["xWANn0VLQ2kd48cwg1bsJRtArtzPjNO4ZEVD63DdrWI="],"block_size":4096,"path":"samples/FillForm-Events.iim"},{"block_hashes":["ozMT9ISzNiSsh+E2aR41D/DVFMTmHgmrr000SzaeUcE="],"block_size":4096,"path":"samples/FillForm-XPath.iim"},{"block_hashes":["UP4yMD8gu41MeaWTN06JsNHsn51aS54bpkDSOcM0K08="],"block_size":4096,"path":"samples/FillForm.iim"},{"block_hashes":["oebF1EOJtd5OxLbol0wD9dXkzsnJTe3+GCFW0rdvDAc="],"block_size":4096,"path":"samples/Frame.iim"},{"block_hashes":["ABGwiTz0SijRIJOB6SJ0DIKw1XdMIAWypicoR4eoHvc="],"block_size":4096,"path":"samples/Loop-Csv-2-Web.iim"},{"block_hashes":["DS/vYRVOufbv9PKQ44ETSPrclKvKj9mmuJjMNuwdm9c="],"block_size":4096,"path":"samples/Open6Tabs.iim"},{"block_hashes":["8hvyImt056SzG+FfVvT0+N+pjfFWCl/Lp0xhnofh8lw="],"block_size":4096,"path":"samples/Profiler.xsl"},{"block_hashes":["i5L+Eafk5oNlfCkS75HiM4WCiUG5od4GF+nOXRyoRQk="],"block_size":4096,"path":"samples/SaveAs.iim"},{"block_hashes":["tUn6YKkrFITScY5cbzm1uEEY4AM5ztZ+0hwJbKndWAA="],"block_size":4096,"path":"samples/SlideShow.iim"},{"block_hashes":["zQVtVxAK70yKSTIReOobUcfBVoekNAKBZ/Sp1Hqk7RU="],"block_size":4096,"path":"samples/Stopwatch.iim"},{"block_hashes":["ajhctAOaPusURGmKCR1uQZM6s5slAniTFFwNbmISV3E="],"block_size":4096,"path":"samples/TagPosition.iim"},{"block_hashes":["vPE965NIdIjq6KlmyptdywSCehD1tLCtGljLAedGLJc="],"block_size":4096,"path":"samples/Upload.iim"},{"block_hashes":["gwUALc8e9sRmcLS4eOmOPmg5kHwQN8TtxGrIjikR96U="],"block_size":4096,"path":"sandbox.html"},{"block_hashes":["c86Ps+kZzKP73md6OGYf9GCozgsVV4u1QPG5DZGvjrs="],"block_size":4096,"path":"sandbox.js"},{"block_hashes":["hTsZFfWQPPe/1PnMDpLDGjS7M80rCNbZNCWm9kYjIhA="],"block_size":4096,"path":"skin/ads.json"},{"block_hashes":["Y37yxZBwJS5pkSf/uxD98MtoNkVco0hZsrF0rN6929g=","rJOXkY6wCt9BhegwKCSxnAV4572J6vIJM682iCB3BwI="],"block_size":4096,"path":"skin/ads/imacros-pro.png"},{"block_hashes":["Fc789gk7GJS1GusKZRRmoZ0VAm5Y1ZznCsm/grJCyqg=","Bag4KKYKUoTqP8bs2mfU3ebltaeGFQjRZaX0FoGK8dg=","c0mq+AlDQF4a3Ho1zeNCUiQ0hrdLe3pVmyfAsbpNrTI="],"block_size":4096,"path":"skin/ads/imacros-server.png"},{"block_hashes":["eTQucLtaZ+OBLXR8tPRvlm2ym5/4v2oiQQ3r36KZxqo=","kkwHdu9BVWalUC+exsXEpTtuO12sPY6I2lIVQU1KRYI=","JiEce7L4vjKvMtCTtG9OhIajLRa/0fxU1j3MzC6oH9I="],"block_size":4096,"path":"skin/ads/imacros-wug.png"},{"block_hashes":["EieQmg+8dfr0BXEqM7mSnl7T81lIdQrDox/6C4/u1ew=","j57TgcnZqeXLysNIPO9U0DPwhzrdbWKEB4Rav4bUBdM="],"block_size":4096,"path":"skin/ads/imacros.png"},{"block_hashes":["WTTDkvF4n1br6UtLIO2IN07bKdsbcVStAPwqzpFvYf8="],"block_size":4096,"path":"skin/beforePlay.css"},{"block_hashes":["JswFd+z4ZqHuQYLM6EL2GoSWc7moKQBC9/bLJ77hCl8="],"block_size":4096,"path":"skin/browse.css"},{"block_hashes":["RnBRP8EzUG0fYHKbk+I5lQrOQZPGt3I+ECQU+IiAFek="],"block_size":4096,"path":"skin/browse24.png"},{"block_hashes":["SrXbN6tcag5/c0+8zOV+ncMtzrkakpGuf53Jc8yYG3g="],"block_size":4096,"path":"skin/cancel.png"},{"block_hashes":["sfGb6g8n+HH+qRmQDDHE0e82WOgcoX3zIhBhSVA5cwQ="],"block_size":4096,"path":"skin/close.png"},{"block_hashes":["6WbzEsWxx2uCcTb/A0o2ns5UUyoqDeWMaZFZxa8YkDY="],"block_size":4096,"path":"skin/common.css"},{"block_hashes":["PMwYkjE3NGvkmg5Cy5I/g5dW0j57R0y0l0YZTiGbxCo="],"block_size":4096,"path":"skin/edit.png"},{"block_hashes":["wbIC1GHT++CDcdBfOo47Y+5WVqWXsz5wTK4IqaAPwkU="],"block_size":4096,"path":"skin/editor.css"},{"block_hashes":["aKmFE5kyKCPqqdYO6xn8e1gNalxmXq/pctW0ple9Zmk="],"block_size":4096,"path":"skin/extractDialog.css"},{"block_hashes":["D8wr2zbYOIcb7cCIqxEYqCULEAQd+qdogpwBdeLK5XU="],"block_size":4096,"path":"skin/help.png"},{"block_hashes":["rEzz8osyanuCAuU1VOzjDKhr5M6Agk63sQQIOqVyYIw=","lzrax9esT6EU3Fr7o04FLw12GEQBTZ5gCKh34Xw9W3U=","C5JrBtR8e8+3mOcFZ5nAVvAWlUJ8LF7nMW2L8z0LA7M=","4/gOz92I8iDtETMgtTfyy6OaRqCc/xbygZn8U/VvjJk=","j4EuWkrMb0eswlbLPBUGxsc9sjIYzhkBXPJFjeToIRs=","oqL8X6YbbomxiLg9dF1sDMMyyRPb8J5HvyCjRhIvNI8="],"block_size":4096,"path":"skin/icons-reference.html"},{"block_hashes":["OD//h7rC60A9hXzBNf5xfRhq7+1qENjo3+exs1EjpB4="],"block_size":4096,"path":"skin/imglog.png"},{"block_hashes":["8YlPb18Z45Xjq7WHMen8KJJ+FkYBBCtQruxX6bJ8iQI=","jTmhTY1ScChJm1zjKKVPlPsd8un6a2Vy0e56TJ28Kc8=","V0FZh498uJd4LMhAV9eHjy8ZOGHxWP7eRjZREpuyk4E=","tRFOLJTETYCwXrY8zIMvSMxcyQFYKlrj2Veglf8OEbw="],"block_size":4096,"path":"skin/imicons/fonts/imicons.eot"},{"block_hashes":["d0JhqVz4Qq9Exox4EANzBbPRANeO8TQ1+c8/BayLS4c=","0tlPpoUcP4+gpu+SusW3HQ0PjPjroBgdcXXUGfKK/uw=","X8MJ7y3fWJt6CyfnECbWMDVPkdDwFGpSfUVyVDiW+fs=","bcF1QQXQn5Yq5Z0lxIJH2wO1TyXbd5w/A8RI+QWPspM=","eNqHhVtfFdnwVD8pDAMRYmxNk6aLHvJglQHaeY5dSB0=","uQohV5Tbwau7qi+2ATQfRKJZtIyzqO5ToHrzkfjnq3s=","cci4BkvOqY5OLurBXmp1+PxbB+YMUk/iWYeB2Od2gZU=","9Io36TSTQ9uxRikgMXGvbVl6r/LikZlhkN8UkUs16W8=","932WeRdKipc3yvC0A+ZnUvT4so4sNJH4j5aopoZURzk=","szG4djLSAftgDlPwmc1/KkPk/0khMGNt5ZqSw8XJ7ZQ="],"block_size":4096,"path":"skin/imicons/fonts/imicons.svg"},{"block_hashes":["D2DGsjwyELhFKpeyioUMyoCGadaDwEEQu76tH/QrsrA=","tOU0+AUolj9y2Jfu2hsgDPbCqZzmhX7WV4gUbcYu5z0=","MZ4zQ4+SiiDlwLeTX8tan6WkhviyChsIQu0XH1mbSok=","WIwWUYMtxbEeVz5zjl1Pw57T+hQ8NsxnNZDRWzIgRog="],"block_size":4096,"path":"skin/imicons/fonts/imicons.ttf"},{"block_hashes":["XCfEhALG+mPpeIhG/2++CSF5iqcnfDBRlJCdCOTVh0w=","Xd9Ag6O/FQnneCJ9PQhNd43I1btGqI321I8DtDWt2Bs=","B+3F52oIUjMsTSmJp4vZ7BZph13apkRfZrZy1EQAl5w="],"block_size":4096,"path":"skin/imicons/fonts/imicons.woff"},{"block_hashes":["rEzz8osyanuCAuU1VOzjDKhr5M6Agk63sQQIOqVyYIw=","lzrax9esT6EU3Fr7o04FLw12GEQBTZ5gCKh34Xw9W3U=","C5JrBtR8e8+3mOcFZ5nAVvAWlUJ8LF7nMW2L8z0LA7M=","4/gOz92I8iDtETMgtTfyy6OaRqCc/xbygZn8U/VvjJk=","j4EuWkrMb0eswlbLPBUGxsc9sjIYzhkBXPJFjeToIRs=","oqL8X6YbbomxiLg9dF1sDMMyyRPb8J5HvyCjRhIvNI8="],"block_size":4096,"path":"skin/imicons/icons-reference.html"},{"block_hashes":["z0tWDUk3LRGuT8Ic+HB8cL0RHh5/NExIHfZmF/1ngZ8=","RQynFjqGd6OuDzXtPwSdNu9Mx7wTdKh+1hwXQMWm5JA="],"block_size":4096,"path":"skin/imicons/styles.css"},{"block_hashes":["3p518cEDf750QTZuEhI8kECgm5tcie8dLixod0XnNA0="],"block_size":4096,"path":"skin/lock.png"},{"block_hashes":["VrCsZ/RXgHaCC0YqgTxtcfdOaftU6vhMi7/2pYYX4Zc="],"block_size":4096,"path":"skin/loginDialog.css"},{"block_hashes":["RKBZ/dbOLkLmhnIQL/SqdU+J3igGX6LwOhXIwF23Ok0="],"block_size":4096,"path":"skin/logo24.png"},{"block_hashes":["vjk2uTdRaEgJMStAr+sLDwBqtY9mrgWOoQ6MsOiQXVA="],"block_size":4096,"path":"skin/macroView.css"},{"block_hashes":["nx8tG0v1UZZkcjsWEEs5EEVrWfKNKM0v+gykQcZ/AJE="],"block_size":4096,"path":"skin/ok.png"},{"block_hashes":["JRyPGWikETsZ+zmfX3RYIr2TBhb7EZp4PB1eGQVDIdY="],"block_size":4096,"path":"skin/options.css"},{"block_hashes":["4r0EGawiMsovX8vSUIXClG5Ag1lW2Dm1jtQUaAdLFnA=","eBjwtWWHcK/2VBkyt8U/cpB3GLRU9bhMMziAhE6az18="],"block_size":4096,"path":"skin/panel.css"},{"block_hashes":["BXWE/bbBF2OZF3QrztwnMNDvbbbtN/nQujJh3i++/Hs="],"block_size":4096,"path":"skin/passwordDialog.css"},{"block_hashes":["9swVKPdy8xFhPYnQ++0utMHMA3jPf+UUg1cp5lRf5Og="],"block_size":4096,"path":"skin/pause.png"},{"block_hashes":["UOL0GItbZ/GNWumdegWF8/jlegGZlVdDlPyLQxr6s2c="],"block_size":4096,"path":"skin/play.png"},{"block_hashes":["liRp4EtL9YjBsrfzUUKKXrZ1QikjkCfBY+rR1KIjoqw="],"block_size":4096,"path":"skin/promptDialog.css"},{"block_hashes":["MvxLs+KoF5QfAAbsoO69yhsvNg8zJT8pKwSMgJA/1sQ="],"block_size":4096,"path":"skin/save.png"},{"block_hashes":["ljwugv/vWFijlCZPdDatSJf5hWdB4VcAAj2gFribPZc="],"block_size":4096,"path":"skin/saveas.png"},{"block_hashes":["sy0cwBbn3kYYebvqSEvWcp+5m+K2LNr6LYUfPCCyQ3s="],"block_size":4096,"path":"skin/saveAsDialog.css"},{"block_hashes":["QHGptIc4+t6k+hXTUkbORGkw2g2MhU2KABhz3kR4WzM="],"block_size":4096,"path":"skin/stop.png"},{"block_hashes":["9F9ZueCQfE32qITTGQouYcL7Hx4HT+WWrPiFMnY9Nyo=","XMPFB/KE/qfp9k/7omec7Y5/ARrJnrCbbXgLHUSBzEY="],"block_size":4096,"path":"skin/styles.css"},{"block_hashes":["ZszJiNy/eJ3E2e42laab14yIbP505RZOIRqWt/kLH4k="],"block_size":4096,"path":"skin/treeView.css"},{"block_hashes":["HZCqkWSAYdVB7ffLdADiK4tAYYYT99xhp9Z7hTLnync=","W3LMpTKdMD9j58Xlix3ABZtQcZV5Z9Hdc6PBvwtfT5M=","GD/rD5IqPXYrLbuh4Hsreg6Z7z5T8zJShsVtUonP9ec=","It4nlFj25UQ0vbRkuqm1v8z94vjNggyU4Eld+MZ2LWs="],"block_size":4096,"path":"SOAPClient.js"},{"block_hashes":["IVQ09EnW9uN1txwgi6x90+JwU+N73e4jMuOmxbUk970="],"block_size":4096,"path":"treeView.html"},{"block_hashes":["xWvgqHOuMO73Xm/DuIbD+2lEZflZm+2DUYhY67V/QlM=","WBI7zAIfM592stXcKwsyTOvA/cq9EtDqZgB8OCelpZE=","OjVRhfqqfKFO+Tz6sjKl0Sh0Uge4VCJjYVV+eZ/yHt8=","TVRb3xWmzwfxugaC6v87U+cqn+L6jb4JSTo997ZO1OE="],"block_size":4096,"path":"treeView.js"},{"block_hashes":["gxN3Nkc6Z+Ge0rWu0VXEqDeu9QLRJMs9y1mUZIaVp2E=","8E1B9lAo6H53PHRi4ShZudGu4hzzcE2n6DYEYMg4AAY=","fBjCRjmCQ4qgBYV9pY4PASbkXQ0A64A72FpMuJDRMwk=","4ZyrSsY2Ea3U4kMr0nJvDprPAQaIVOYraBXdK+0dMck="],"block_size":4096,"path":"utils.js"},{"block_hashes":["aRT/xwRNUwshfXNJjK0W7zMkVeWuzsNdQyAwsoLm7tA=","fjMVd7iRGlvrkqVAzN+1Nn/KCazYPUY/SU8rtXTcm4A=","sRegsdJuudF5HPCu4fOHXkRW2V0glZHayWHDywjfH60=","0iMh9O2J90YyJD+fPojUcEmkuIBw0Cl8D9iBjQLdFVI=","Z0jpoEO2PY2xuScvBrBDGwzIhxl+7BOC/JWdS17nmsA=","MyvbxWyy9hKH34TP8ukizTB7biSNTx2bmr8/f1XnROI=","GmctjEnnQOzxWGCpccSqFQJleGRj9roRNuxu1Gs5qN4=","D7YThsvgNWRDUPSAGeTEuyBCfvZ4AYUC30h37+SFFV8=","bCtKXMPHJwxWWfJmP3Zhjfqtv7LA/LxP/D4xrIjYpNo=","NTcTaid7FHKagW0E56QBu4PS1Pjm+rEK5KRlwppfI24=","WrjxaY7uzkXVkC1urmqYDzKPLgemW48Qz8ucXYoxcH8=","mafTtaLw1bnvIvpUcA7UO3fLPrvzrIe9r3nnKv54kFg=","YiwtMue3IuoMix7wcvFQQMM75AeMOyy+meWEuCBpYb4=","Za/R8LCI0XNq5ijJffROUjen0Y2g9p6O4YqU/zIzJHU=","tT1AFLN8WlBXgEZLCqy2jGqYGVf2eWZLUGhPy0i/PL8=","EmCXs2ECom3yrpq5EFEeuIHdwJDwSWLmPxz1jzHuiAc=","vMfxw2/h4e36Coa+27R9ii4pz0+Msil/gl4V6QjV24A=","XSHy0ZhtvYFzD4BVqFULWHrz9oPnXDUPnxU24xGngOc=","q/LxX7RN+OVV8xHAKnXjdLh2wlPG3pXvLc5cUBBoTkg=","Bnht1kSSRrKHDSryeVQhinaBzGy8v9uLwGjhN5R9p78=","4US9iKpQvQ1fwzMyRCm9VRLW8b8A13NSTFzsnn8ffuI="],"block_size":4096,"path":"vendor/jQuery/jquery-2.2.1.min.js"},{"block_hashes":["xqlkYJ73/C4+pnn+UdO5cs61YmlUANMrvCN7j1tlOlA=","Ius3vT+Ct53zWFsGGRbCOzIVI5pZNzWt03gObYHxHSo="],"block_size":4096,"path":"vendor/jQueryUI/images/ui-icons_444444_256x240.png"},{"block_hashes":["5R+UAAxpHKVp8i3SHAXttfGDlP+tfjzGrO76kq08yp8=","Sndw0++na2UOvAhCQ58ezp84pN5sksJ0Ot1bi/CJKt0="],"block_size":4096,"path":"vendor/jQueryUI/images/ui-icons_555555_256x240.png"},{"block_hashes":["as3AKccYSTxxYscJhmhdeuZU1AdIclghwRk29QMEwl8=","+G1Wp9zJ38V0JZAmap0JOdgpr9CJTxExjUBdomSSwhw="],"block_size":4096,"path":"vendor/jQueryUI/images/ui-icons_777620_256x240.png"},{"block_hashes":["J0EzKg32iZgO+TJjn27IDCKK9LBLcvP+6FFCbqUFwYU=","vypztKgF8EBBeZ4TuzoJy/usDLPKNRYpttF+FtJbP0I="],"block_size":4096,"path":"vendor/jQueryUI/images/ui-icons_777777_256x240.png"},{"block_hashes":["hURkb9iVfjWs71g2hywRVhdAUEH0/8sbGgw50Cy9aOE=","+G1Wp9zJ38V0JZAmap0JOdgpr9CJTxExjUBdomSSwhw="],"block_size":4096,"path":"vendor/jQueryUI/images/ui-icons_cc0000_256x240.png"},{"block_hashes":["r+C52OBU2HauNaT9SrOTshCALOoApD3/LZLVudrYtv8=","fLldJJFAJbE9/d7xEFosc/GMKp+dHovJi3Q2aTCi8ZI="],"block_size":4096,"path":"vendor/jQueryUI/images/ui-icons_ffffff_256x240.png"},{"block_hashes":["yKloZh06YrF8jpwSCFI8hFpnjZ4P9c8A50nHx4ttBTs=","/mmBdK/MdX2naoAq3f7rUPA4Tl0a/vM/vlk5RIlXlGg=","xUkpAjjLxCLcSr0d7PXiPD2tOW++MOkIVtmdaIutF/o=","dXIDRVZiStKWH91KQ26vZLc9p0mRw08++H1bQxzBGs0=","nXd8UuHzQmISUNiTiuTxqMnPFH9/YHVJOsI/B3RnhE0="],"block_size":4096,"path":"vendor/jQueryUI/jquery-ui.min.css"},{"block_hashes":["wE65/eGAhRbJcqpIIvEpKSdMlFKq4IYfV57f+wFJPiY=","fd2uMZFYPDmt+ObsfgW9X+QaNlMAbKwpuevPlIg8gBQ=","03lkb0bcb9V1sNjaREFwmjiSb9lFESlRW6iMSi9E5pc=","1/ZLUoiQSY3HPfnQkngbdznYnatloD4nXIfICnrpKSE=","JWBAR0cceMpfbURFE2ECRT97gUXb5blnJFAmc7we2jI=","t481ZQA9LSXYEvyb4UUmXskhXBq9d4Az2YGNtB375+0=","PeySvUxp2kGLElaFVA8PYfbx3DqoxnjeSkNOF8iVNMw=","m/OLxw2/7gD/eMtknVNSJeFYG7QhY0pgHwPLdlzdu7U=","FvbaOKpVAqSiF8mzo2sTVwsBDVcI9raM9+N8JHLe48U=","nl8rRV+Nn6/nZxCzMKDtcMbl8FnGrixYTtyI1wrU3cU=","gEyokluw0ukQcgS8fvSRnnkh+uzR3Ey5tSdk+qNJEdI=","AyzovYfSQ0xjSKY1PtBkxgJLZw5o3TXgDqAI8bVtAXU=","K3TBzjPCf396eVsmD8bbTKw7L7/xknMbViSOefR5+Jc=","Cb62SEs3JSVAB80I3iehIbVhdyRxpTR0XWKV9NVLcmA=","ki67LaG4LXQ0ahFlIfLtBcDSwLAT2a76JxXlnlvRnhY=","6acrXUXxUPz/lP68pY1ogDNNZOG22e/dR4wHwyioDnI=","i9DD5h4ZynwvVEXaS6PRYb3PL6vTb8IkzQg8vAzfCXE=","yBBa1Th6iMKuH4v2WUO1KoRXZRTgF8MOLvRbghs1tLo=","J1Q/zGYaKT9EnMADaqmmTsjS9cP6BpuWhR6kMFyB2sE=","rm4JtxmQj3jRF8W09qihUSEt2v0oQx7AfD3bh1zYyAM=","CBNOc8WvcTOwFYYUTzNOqiWvB7BIGfpoZ1v+QFHhLdY=","i8X/Nwo8/f2xezjxZoLsNzwMo7M6aCWnDvlKFw/GrEw=","zOe0zkQU2kG6RGLKe0ssnpGpL3sOkfeIVVAIX8WkEpE=","X3sLQGbRcM2fqAglMR8JF1XtB9WfT8GzFbklur1soHs=","uknoWZr8nZpQMFDUSyZZukTvZ2BPCmNC+3Z5daEPnSI=","MBgE95FHJwgPWnxDiwN9A35bUVTE97i8gKZy/J07j8U=","rcPaDlmvZvTbaEpKvsH7JruOYucSvUtea5Ni2VWFdl0="],"block_size":4096,"path":"vendor/jQueryUI/jquery-ui.min.js"},{"block_hashes":["9RkPdNmNCeIrR+SI6cqY/J/222Ym7TkHgq8b4GxI2tk=","x5ZoUP2P68zCkMmAGDMQDCMeB2pCSruImqycCvC9c/A=","H3YGTJcAu3R7ZyW96hpUO5MGSr7bvas+bF/Ou8rp8KA=","VA1fZNyiziJ6/7N2/I4cbODxSa2EhmuShRz1ElBqKDY=","9rA+afDqYF13aS1o/G9SXEGVT2mzgeLVgpCC8k7WzzU=","gJI8Rld1ZTT9QhKGr+zlk6ggs+ReSSUfYwvzuYhNCtw=","FeuyzDgCmtc47nSiuRPf/l+X67mJ/xjlPTOHcEf/QOE=","8U+Q3W1mEbLLRvBhWmpjn1RAG9fd2vEFh9dYwtSDAa8=","Qzw1Rd+wpQERzSyJjpEDkNhCPdtWAGSVl8AvBQ4AnaM=","snfrZTZUPQ1mRFqyiyO6ZCUkCcwnsd9m7BxKNZugOR0=","JrzTVive0qIayK3H0inxwvsyOGg/wgTF8xbRnk1NFIQ=","5PIJgkm1wl2bPpQA6JhOISJTsjfbV62LhxrVtP7uGsY=","dXeaib+pVXTtpqUOddFYASosLb9tqRiA6uRWhrHN6x0=","b9jEkdSWDAvhTPhiD3qQGLgEI9PREcKCQP1CI5SOOxE=","XNTSOK2M6ZRhgfmEOfCWVossx1KVFgquO+3NEnk66tA=","iyym4eD3+he+YMHgAyDAQgqtvTt5XxCCtXQ6fMgZdsU=","C9gFoBV3dONii5W5w7U610CmkHgzVs2sUNmSciGHzEY=","nT81GPJj5Rs5+SErXMkjniQLVPmKdiWFc3SjEM3hj6I=","ZkMTwQFnuNSbiuoOxkqyAILC1DSLx9WEGDYq33hDdXQ=","nZNAli5Tt8RydFej6d9ywLVSY0rbqbv8ojpyta8E2Ns=","e9HdH865xqbIl8UUbADzXLCr2+dGp0fPgUpQSUvrF3M=","fauEwVMPIt0q4pCGoEZiB0Jk16qnUfrzpxeFsOdINyc=","YODPDwS+I6HV9p3WC+dMBZXoJKsSfiUsYxVVDzdRJ3E=","xFdD1JJ4aLRgiPbBcwmoIlJSytnpplrgkqHg/AXf5D0=","68nhbrLwwg8JeY5R0FpEnb/J5Lu8fIdi2EowrMQKR4A=","4nPcbsRxDUCWsr98Eu7qbbQGtf6q/vLvfXhT+97Qadg=","BL7+vVUaY4qWY6U5WJbVHM4xgfNTVgJ/oK3s/NPF2zQ=","NNJY4FjGpZ3p0NgpJJzcUnkRUq07aWa0JRmhuFj2cJg=","3spCXuMbY9jaf0xBwi6MoSGUvkvB9+KlnJ3mUu8PdA8=","DvMMwxgHIrmH6+Bu6DY4oFxGbVjBRX3F1kbzqwJkKwo=","BBxkXVuhy9sFRiT6I2cqPEA7sZC8HJDrTrOeh6waT5g=","IU3MWsUz/qCwzPaRWSrJy9wC7VXss58O+kXIkFdPxEE=","lTt+VpwrDM1yPnjC5VFPhZQasaLf4IHtmHMbmS8/clU=","XGj0EfBbrehNiRI90k1tYrpwUTn5CWG3QCSsRtyn1h8="],"block_size":4096,"path":"vendor/jstree/jstree.min.js"},{"block_hashes":["vhpG7oIoIDe+LiHb6klPIaq2JbjKMhk7PQOl5kcsvqI="],"block_size":4096,"path":"vendor/jstree/themes/default/32px.png"},{"block_hashes":["5C0tqri9uSgi0ThC6R9KTHuW+sdcj7mG+unA9GpnQx4="],"block_size":4096,"path":"vendor/jstree/themes/default/40px.png"},{"block_hashes":["zyWAW6MushBpCIdXHnl88FsL8tdcB37oawzRIF5j0iI=","H4XuynNLrVidZwl1vI5XK06wOYD1Eldg9IH3kVzfdVQ=","kVJn8DusEcVe6/CRqo33rXi8yNRQrvTnOllaHzgje50=","qz4/ryVVra0LjH7iibuzvm4mImySMG/ztZnT6FS0STg=","QJFrENvhF8KedjvvvRE66hX5ZjEBSlFQT50n9LqtTzs=","Iwb5Nm7XOuWgNTWTepSVMY2J4mPbtRSZ+TOh1PLdWTY=","rmkv/nfPLcwiMixD+qxgSbnKJ7nFEOlHLSyfCDvsOU4=","5zOf8OC//c5M8TCT78Z0/9OX8kvipQFwL4iEwVIUPeU="],"block_size":4096,"path":"vendor/jstree/themes/default/style.css"},{"block_hashes":["dsp9WxJXq/5iC1b7Pu9en1EoSwPahtZJmfHmbiTg2fw="],"block_size":4096,"path":"vendor/jstree/themes/default/throbber.gif"}],"version":2}