[
	{"ad_text": "iMacros", "ad_img": "imacros.png", "ad_link": "http://rd.imacros.net/redirect.aspx?type=CR&HELPID=imtrial"},
	{"ad_text": "Other Ipswitch products:", "ad_img": "imacros-pro.png", "ad_link": "http://rd.imacros.net/redirect.aspx?type=CR&HELPID=wsftpclteval"},
	{"ad_text": "Other Ipswitch products:", "ad_img": "imacros-server.png", "ad_link": "http://rd.imacros.net/redirect.aspx?type=CR&HELPID=wsftpsrveval"},
	{"ad_text": "Other Ipswitch products:", "ad_img": "imacros-wug.png", "ad_link": "http://rd.imacros.net/redirect.aspx?type=CR&HELPID=wugeval"}
]
